ProductKey,ProductAlternateKey,ProductSubcategoryKey,ProductName,StandardCost,FinishedGoodsFlag,ListPrice,ProductLine,ModelName,StartDate,EndDate,Status
1,AR-5381,,Adjustable Race,,0,,,,7/1/2003,,Current
2,BA-8327,,Bearing Ball,,0,,,,7/1/2003,,Current
3,BE-2349,,BB Ball Bearing,,0,,,,7/1/2003,,Current
4,BE-2908,,Headset Ball Bearings,,0,,,,7/1/2003,,Current
5,BL-2036,,Blade,,0,,,,7/1/2003,,Current
6,CA-5965,,LL Crankarm,,0,,,,7/1/2003,,Current
7,CA-6738,,ML Crankarm,,0,,,,7/1/2003,,Current
8,CA-7457,,HL Crankarm,,0,,,,7/1/2003,,Current
9,CB-2903,,Chainring Bolts,,0,,,,7/1/2003,,Current
10,CN-6137,,Chainring Nut,,0,,,,7/1/2003,,Current
11,CR-7833,,Chainring,,0,,,,7/1/2003,,Current
12,CR-9981,,Crown Race,,0,,,,7/1/2003,,Current
13,CS-2812,,Chain Stays,,0,,,,7/1/2003,,Current
14,DC-8732,,Decal 1,,0,,,,7/1/2003,,Current
15,DC-9824,,Decal 2,,0,,,,7/1/2003,,Current
16,DT-2377,,Down Tube,,0,,,,7/1/2003,,Current
17,EC-M092,,Mountain End Caps,,0,,,,7/1/2003,,Current
18,EC-R098,,Road End Caps,,0,,,,7/1/2003,,Current
19,EC-T209,,Touring End Caps,,0,,,,7/1/2003,,Current
20,FE-3760,,Fork End,,0,,,,7/1/2003,,Current
21,FH-2981,,Freewheel,,0,,,,7/1/2003,,Current
22,FW-1000,,Flat Washer 1,,0,,,,7/1/2003,,Current
23,FW-1200,,Flat Washer 6,,0,,,,7/1/2003,,Current
24,FW-1400,,Flat Washer 2,,0,,,,7/1/2003,,Current
25,FW-3400,,Flat Washer 9,,0,,,,7/1/2003,,Current
26,FW-3800,,Flat Washer 4,,0,,,,7/1/2003,,Current
27,FW-5160,,Flat Washer 3,,0,,,,7/1/2003,,Current
28,FW-5800,,Flat Washer 8,,0,,,,7/1/2003,,Current
29,FW-7160,,Flat Washer 5,,0,,,,7/1/2003,,Current
30,FW-9160,,Flat Washer 7,,0,,,,7/1/2003,,Current
31,FC-3654,,Fork Crown,,0,,,,7/1/2003,,Current
32,FC-3982,,Front Derailleur Cage,,0,,,,7/1/2003,,Current
33,FL-2301,,Front Derailleur Linkage,,0,,,,7/1/2003,,Current
34,GP-0982,,Guide Pulley,,0,,,,7/1/2003,,Current
35,GT-0820,,LL Grip Tape,,0,,,,7/1/2003,,Current
36,GT-1209,,ML Grip Tape,,0,,,,7/1/2003,,Current
37,GT-2908,,HL Grip Tape,,0,,,,7/1/2003,,Current
38,HJ-1213,,Thin-Jam Hex Nut 9,,0,,,,7/1/2003,,Current
39,HJ-1220,,Thin-Jam Hex Nut 10,,0,,,,7/1/2003,,Current
40,HJ-1420,,Thin-Jam Hex Nut 1,,0,,,,7/1/2003,,Current
41,HJ-1428,,Thin-Jam Hex Nut 2,,0,,,,7/1/2003,,Current
42,HJ-3410,,Thin-Jam Hex Nut 15,,0,,,,7/1/2003,,Current
43,HJ-3416,,Thin-Jam Hex Nut 16,,0,,,,7/1/2003,,Current
44,HJ-3816,,Thin-Jam Hex Nut 5,,0,,,,7/1/2003,,Current
45,HJ-3824,,Thin-Jam Hex Nut 6,,0,,,,7/1/2003,,Current
46,HJ-5161,,Thin-Jam Hex Nut 3,,0,,,,7/1/2003,,Current
47,HJ-5162,,Thin-Jam Hex Nut 4,,0,,,,7/1/2003,,Current
48,HJ-5811,,Thin-Jam Hex Nut 13,,0,,,,7/1/2003,,Current
49,HJ-5818,,Thin-Jam Hex Nut 14,,0,,,,7/1/2003,,Current
50,HJ-7161,,Thin-Jam Hex Nut 7,,0,,,,7/1/2003,,Current
51,HJ-7162,,Thin-Jam Hex Nut 8,,0,,,,7/1/2003,,Current
52,HJ-9080,,Thin-Jam Hex Nut 12,,0,,,,7/1/2003,,Current
53,HJ-9161,,Thin-Jam Hex Nut 11,,0,,,,7/1/2003,,Current
54,HN-1024,,Hex Nut 5,,0,,,,7/1/2003,,Current
55,HN-1032,,Hex Nut 6,,0,,,,7/1/2003,,Current
56,HN-1213,,Hex Nut 16,,0,,,,7/1/2003,,Current
57,HN-1220,,Hex Nut 17,,0,,,,7/1/2003,,Current
58,HN-1224,,Hex Nut 7,,0,,,,7/1/2003,,Current
59,HN-1420,,Hex Nut 8,,0,,,,7/1/2003,,Current
60,HN-1428,,Hex Nut 9,,0,,,,7/1/2003,,Current
61,HN-3410,,Hex Nut 22,,0,,,,7/1/2003,,Current
62,HN-3416,,Hex Nut 23,,0,,,,7/1/2003,,Current
63,HN-3816,,Hex Nut 12,,0,,,,7/1/2003,,Current
64,HN-3824,,Hex Nut 13,,0,,,,7/1/2003,,Current
65,HN-4402,,Hex Nut 1,,0,,,,7/1/2003,,Current
66,HN-5161,,Hex Nut 10,,0,,,,7/1/2003,,Current
67,HN-5162,,Hex Nut 11,,0,,,,7/1/2003,,Current
68,HN-5400,,Hex Nut 2,,0,,,,7/1/2003,,Current
69,HN-5811,,Hex Nut 20,,0,,,,7/1/2003,,Current
70,HN-5818,,Hex Nut 21,,0,,,,7/1/2003,,Current
71,HN-6320,,Hex Nut 3,,0,,,,7/1/2003,,Current
72,HN-7161,,Hex Nut 14,,0,,,,7/1/2003,,Current
73,HN-7162,,Hex Nut 15,,0,,,,7/1/2003,,Current
74,HN-8320,,Hex Nut 4,,0,,,,7/1/2003,,Current
75,HN-9161,,Hex Nut 18,,0,,,,7/1/2003,,Current
76,HN-9168,,Hex Nut 19,,0,,,,7/1/2003,,Current
77,HT-2981,,Handlebar Tube,,0,,,,7/1/2003,,Current
78,HT-8019,,Head Tube,,0,,,,7/1/2003,,Current
79,HU-6280,,LL Hub,,0,,,,7/1/2003,,Current
80,HU-8998,,HL Hub,,0,,,,7/1/2003,,Current
81,KW-4091,,Keyed Washer,,0,,,,7/1/2003,,Current
82,LE-1000,,External Lock Washer 3,,0,,,,7/1/2003,,Current
83,LE-1200,,External Lock Washer 4,,0,,,,7/1/2003,,Current
84,LE-1201,,External Lock Washer 9,,0,,,,7/1/2003,,Current
85,LE-1400,,External Lock Washer 5,,0,,,,7/1/2003,,Current
86,LE-3800,,External Lock Washer 7,,0,,,,7/1/2003,,Current
87,LE-5160,,External Lock Washer 6,,0,,,,7/1/2003,,Current
88,LE-6000,,External Lock Washer 1,,0,,,,7/1/2003,,Current
89,LE-7160,,External Lock Washer 8,,0,,,,7/1/2003,,Current
90,LE-8000,,External Lock Washer 2,,0,,,,7/1/2003,,Current
91,LI-1000,,Internal Lock Washer 3,,0,,,,7/1/2003,,Current
92,LI-1200,,Internal Lock Washer 4,,0,,,,7/1/2003,,Current
93,LI-1201,,Internal Lock Washer 9,,0,,,,7/1/2003,,Current
94,LI-1400,,Internal Lock Washer 5,,0,,,,7/1/2003,,Current
95,LI-3800,,Internal Lock Washer 7,,0,,,,7/1/2003,,Current
96,LI-5160,,Internal Lock Washer 6,,0,,,,7/1/2003,,Current
97,LI-5800,,Internal Lock Washer 10,,0,,,,7/1/2003,,Current
98,LI-6000,,Internal Lock Washer 1,,0,,,,7/1/2003,,Current
99,LI-7160,,Internal Lock Washer 8,,0,,,,7/1/2003,,Current
100,LI-8000,,Internal Lock Washer 2,,0,,,,7/1/2003,,Current
101,LJ-1213,,Thin-Jam Lock Nut 9,,0,,,,7/1/2003,,Current
102,LJ-1220,,Thin-Jam Lock Nut 10,,0,,,,7/1/2003,,Current
103,LJ-1420,,Thin-Jam Lock Nut 1,,0,,,,7/1/2003,,Current
104,LJ-1428,,Thin-Jam Lock Nut 2,,0,,,,7/1/2003,,Current
105,LJ-3410,,Thin-Jam Lock Nut 15,,0,,,,7/1/2003,,Current
106,LJ-3416,,Thin-Jam Lock Nut 16,,0,,,,7/1/2003,,Current
107,LJ-3816,,Thin-Jam Lock Nut 5,,0,,,,7/1/2003,,Current
108,LJ-3824,,Thin-Jam Lock Nut 6,,0,,,,7/1/2003,,Current
109,LJ-5161,,Thin-Jam Lock Nut 3,,0,,,,7/1/2003,,Current
110,LJ-5162,,Thin-Jam Lock Nut 4,,0,,,,7/1/2003,,Current
111,LJ-5811,,Thin-Jam Lock Nut 13,,0,,,,7/1/2003,,Current
112,LJ-5818,,Thin-Jam Lock Nut 14,,0,,,,7/1/2003,,Current
113,LJ-7161,,Thin-Jam Lock Nut 7,,0,,,,7/1/2003,,Current
114,LJ-7162,,Thin-Jam Lock Nut 8,,0,,,,7/1/2003,,Current
115,LJ-9080,,Thin-Jam Lock Nut 12,,0,,,,7/1/2003,,Current
116,LJ-9161,,Thin-Jam Lock Nut 11,,0,,,,7/1/2003,,Current
117,LN-1024,,Lock Nut 5,,0,,,,7/1/2003,,Current
118,LN-1032,,Lock Nut 6,,0,,,,7/1/2003,,Current
119,LN-1213,,Lock Nut 16,,0,,,,7/1/2003,,Current
120,LN-1220,,Lock Nut 17,,0,,,,7/1/2003,,Current
121,LN-1224,,Lock Nut 7,,0,,,,7/1/2003,,Current
122,LN-1420,,Lock Nut 8,,0,,,,7/1/2003,,Current
123,LN-1428,,Lock Nut 9,,0,,,,7/1/2003,,Current
124,LN-3410,,Lock Nut 22,,0,,,,7/1/2003,,Current
125,LN-3416,,Lock Nut 23,,0,,,,7/1/2003,,Current
126,LN-3816,,Lock Nut 12,,0,,,,7/1/2003,,Current
127,LN-3824,,Lock Nut 13,,0,,,,7/1/2003,,Current
128,LN-4400,,Lock Nut 1,,0,,,,7/1/2003,,Current
129,LN-5161,,Lock Nut 10,,0,,,,7/1/2003,,Current
130,LN-5162,,Lock Nut 11,,0,,,,7/1/2003,,Current
131,LN-5400,,Lock Nut 2,,0,,,,7/1/2003,,Current
132,LN-5811,,Lock Nut 20,,0,,,,7/1/2003,,Current
133,LN-5818,,Lock Nut 21,,0,,,,7/1/2003,,Current
134,LN-6320,,Lock Nut 3,,0,,,,7/1/2003,,Current
135,LN-7161,,Lock Nut 14,,0,,,,7/1/2003,,Current
136,LN-7162,,Lock Nut 15,,0,,,,7/1/2003,,Current
137,LN-8320,,Lock Nut 4,,0,,,,7/1/2003,,Current
138,LN-9080,,Lock Nut 19,,0,,,,7/1/2003,,Current
139,LN-9161,,Lock Nut 18,,0,,,,7/1/2003,,Current
140,LR-2398,,Lock Ring,,0,,,,7/1/2003,,Current
141,LR-8520,,Lower Head Race,,0,,,,7/1/2003,,Current
142,LW-1000,,Lock Washer 4,,0,,,,7/1/2003,,Current
143,LW-1200,,Lock Washer 5,,0,,,,7/1/2003,,Current
144,LW-1201,,Lock Washer 10,,0,,,,7/1/2003,,Current
145,LW-1400,,Lock Washer 6,,0,,,,7/1/2003,,Current
146,LW-3400,,Lock Washer 13,,0,,,,7/1/2003,,Current
147,LW-3800,,Lock Washer 8,,0,,,,7/1/2003,,Current
148,LW-4000,,Lock Washer 1,,0,,,,7/1/2003,,Current
149,LW-5160,,Lock Washer 7,,0,,,,7/1/2003,,Current
150,LW-5800,,Lock Washer 12,,0,,,,7/1/2003,,Current
151,LW-6000,,Lock Washer 2,,0,,,,7/1/2003,,Current
152,LW-7160,,Lock Washer 9,,0,,,,7/1/2003,,Current
153,LW-8000,,Lock Washer 3,,0,,,,7/1/2003,,Current
154,LW-9160,,Lock Washer 11,,0,,,,7/1/2003,,Current
155,MA-7075,,Metal Angle,,0,,,,7/1/2003,,Current
156,MB-2024,,Metal Bar 1,,0,,,,7/1/2003,,Current
157,MB-6061,,Metal Bar 2,,0,,,,7/1/2003,,Current
158,MP-2066,,Metal Plate 2,,0,,,,7/1/2003,,Current
159,MP-2503,,Metal Plate 1,,0,,,,7/1/2003,,Current
160,MP-4960,,Metal Plate 3,,0,,,,7/1/2003,,Current
161,MS-0253,,Metal Sheet 2,,0,,,,7/1/2003,,Current
162,MS-1256,,Metal Sheet 3,,0,,,,7/1/2003,,Current
163,MS-1981,,Metal Sheet 7,,0,,,,7/1/2003,,Current
164,MS-2259,,Metal Sheet 4,,0,,,,7/1/2003,,Current
165,MS-2341,,Metal Sheet 5,,0,,,,7/1/2003,,Current
166,MS-2348,,Metal Sheet 6,,0,,,,7/1/2003,,Current
167,MS-6061,,Metal Sheet 1,,0,,,,7/1/2003,,Current
168,MT-1000,,Metal Tread Plate,,0,,,,7/1/2003,,Current
169,NI-4127,,LL Nipple,,0,,,,7/1/2003,,Current
170,NI-9522,,HL Nipple,,0,,,,7/1/2003,,Current
171,PA-187B,,Paint - Black,,0,,,,7/1/2003,,Current
172,PA-361R,,Paint - Red,,0,,,,7/1/2003,,Current
173,PA-529S,,Paint - Silver,,0,,,,7/1/2003,,Current
174,PA-632U,,Paint - Blue,,0,,,,7/1/2003,,Current
175,PA-823Y,,Paint - Yellow,,0,,,,7/1/2003,,Current
176,PB-6109,,Pinch Bolt,,0,,,,7/1/2003,,Current
177,RA-2345,,Cup-Shaped Race,,0,,,,7/1/2003,,Current
178,RA-7490,,Cone-Shaped Race,,0,,,,7/1/2003,,Current
179,RF-9198,,Reflector,,0,,,,7/1/2003,,Current
180,RM-M464,,LL Mountain Rim,,0,,,,7/1/2003,,Current
181,RM-M692,,ML Mountain Rim,,0,,,,7/1/2003,,Current
182,RM-M823,,HL Mountain Rim,,0,,,,7/1/2003,,Current
183,RM-R436,,LL Road Rim,,0,,,,7/1/2003,,Current
184,RM-R600,,ML Road Rim,,0,,,,7/1/2003,,Current
185,RM-R800,,HL Road Rim,,0,,,,7/1/2003,,Current
186,RM-T801,,Touring Rim,,0,,,,7/1/2003,,Current
187,SA-M198,,LL Mountain Seat Assembly,,0,,,,7/1/2003,,Current
188,SA-M237,,ML Mountain Seat Assembly,,0,,,,7/1/2003,,Current
189,SA-M687,,HL Mountain Seat Assembly,,0,,,,7/1/2003,,Current
190,SA-R127,,LL Road Seat Assembly,,0,,,,7/1/2003,,Current
191,SA-R430,,ML Road Seat Assembly,,0,,,,7/1/2003,,Current
192,SA-R522,,HL Road Seat Assembly,,0,,,,7/1/2003,,Current
193,SA-T467,,LL Touring Seat Assembly,,0,,,,7/1/2003,,Current
194,SA-T612,,ML Touring Seat Assembly,,0,,,,7/1/2003,,Current
195,SA-T872,,HL Touring Seat Assembly,,0,,,,7/1/2003,,Current
196,SD-2342,,LL Spindle/Axle,,0,,,,7/1/2003,,Current
197,SD-9872,,HL Spindle/Axle,,0,,,,7/1/2003,,Current
198,SH-4562,,LL Shell,,0,,,,7/1/2003,,Current
199,SH-9312,,HL Shell,,0,,,,7/1/2003,,Current
200,SK-9283,,Spokes,,0,,,,7/1/2003,,Current
201,SL-0931,,Seat Lug,,0,,,,7/1/2003,,Current
202,SM-9087,,Stem,,0,,,,7/1/2003,,Current
203,SP-2981,,Seat Post,,0,,,,7/1/2003,,Current
204,SR-2098,,Steerer,,0,,,,7/1/2003,,Current
205,SS-2985,,Seat Stays,,0,,,,7/1/2003,,Current
206,ST-9828,,Seat Tube,,0,,,,7/1/2003,,Current
207,TO-2301,,Top Tube,,0,,,,7/1/2003,,Current
208,TP-0923,,Tension Pulley,,0,,,,7/1/2003,,Current
209,RC-0291,,Rear Derailleur Cage,,0,,,,7/1/2003,,Current
210,FR-R92B-58,14,"HL Road Frame - Black, 58",,1,,R ,HL Road Frame,7/1/2003,,Current
211,FR-R92R-58,14,"HL Road Frame - Red, 58",,1,,R ,HL Road Frame,7/1/2003,,Current
212,HL-U509-R,31,"Sport-100 Helmet, Red",12.0278,1,33.6442,S ,Sport-100,7/1/2011,12/28/2007,
213,HL-U509-R,31,"Sport-100 Helmet, Red",13.8782,1,33.6442,S ,Sport-100,7/1/2012,12/27/2008,
214,HL-U509-R,31,"Sport-100 Helmet, Red",13.0863,1,34.99,S ,Sport-100,7/1/2013,,Current
215,HL-U509,31,"Sport-100 Helmet, Black",12.0278,1,33.6442,S ,Sport-100,7/1/2011,12/28/2007,
216,HL-U509,31,"Sport-100 Helmet, Black",13.8782,1,33.6442,S ,Sport-100,7/1/2012,12/27/2008,
217,HL-U509,31,"Sport-100 Helmet, Black",13.0863,1,34.99,S ,Sport-100,7/1/2013,,Current
218,SO-B909-M,23,"Mountain Bike Socks, M",3.3963,1,9.5,M ,Mountain Bike Socks,7/1/2011,12/28/2007,
219,SO-B909-L,23,"Mountain Bike Socks, L",3.3963,1,9.5,M ,Mountain Bike Socks,7/1/2011,12/28/2007,
220,HL-U509-B,31,"Sport-100 Helmet, Blue",12.0278,1,33.6442,S ,Sport-100,7/1/2011,12/28/2007,
221,HL-U509-B,31,"Sport-100 Helmet, Blue",13.8782,1,33.6442,S ,Sport-100,7/1/2012,12/27/2008,
222,HL-U509-B,31,"Sport-100 Helmet, Blue",13.0863,1,34.99,S ,Sport-100,7/1/2013,,Current
223,CA-1098,19,AWC Logo Cap,5.7052,1,8.6442,S ,Cycling Cap,7/1/2011,12/28/2007,
224,CA-1098,19,AWC Logo Cap,5.2297,1,8.6442,S ,Cycling Cap,7/1/2012,12/27/2008,
225,CA-1098,19,AWC Logo Cap,6.9223,1,8.99,S ,Cycling Cap,7/1/2013,,Current
226,LJ-0192-S,21,"Long-Sleeve Logo Jersey, S",31.7244,1,48.0673,S ,Long-Sleeve Logo Jersey,7/1/2011,12/28/2007,
227,LJ-0192-S,21,"Long-Sleeve Logo Jersey, S",29.0807,1,48.0673,S ,Long-Sleeve Logo Jersey,7/1/2012,12/27/2008,
228,LJ-0192-S,21,"Long-Sleeve Logo Jersey, S",38.4923,1,49.99,S ,Long-Sleeve Logo Jersey,7/1/2013,,Current
229,LJ-0192-M,21,"Long-Sleeve Logo Jersey, M",31.7244,1,48.0673,S ,Long-Sleeve Logo Jersey,7/1/2011,12/28/2007,
230,LJ-0192-M,21,"Long-Sleeve Logo Jersey, M",29.0807,1,48.0673,S ,Long-Sleeve Logo Jersey,7/1/2012,12/27/2008,
231,LJ-0192-M,21,"Long-Sleeve Logo Jersey, M",38.4923,1,49.99,S ,Long-Sleeve Logo Jersey,7/1/2013,,Current
232,LJ-0192-L,21,"Long-Sleeve Logo Jersey, L",31.7244,1,48.0673,S ,Long-Sleeve Logo Jersey,7/1/2011,12/28/2007,
233,LJ-0192-L,21,"Long-Sleeve Logo Jersey, L",29.0807,1,48.0673,S ,Long-Sleeve Logo Jersey,7/1/2012,12/27/2008,
234,LJ-0192-L,21,"Long-Sleeve Logo Jersey, L",38.4923,1,49.99,S ,Long-Sleeve Logo Jersey,7/1/2013,,Current
235,LJ-0192-X,21,"Long-Sleeve Logo Jersey, XL",31.7244,1,48.0673,S ,Long-Sleeve Logo Jersey,7/1/2011,12/28/2007,
236,LJ-0192-X,21,"Long-Sleeve Logo Jersey, XL",29.0807,1,48.0673,S ,Long-Sleeve Logo Jersey,7/1/2012,12/27/2008,
237,LJ-0192-X,21,"Long-Sleeve Logo Jersey, XL",38.4923,1,49.99,S ,Long-Sleeve Logo Jersey,7/1/2013,,Current
238,FR-R92R-62,14,"HL Road Frame - Red, 62",747.9682,1,1263.4598,R ,HL Road Frame,7/1/2011,12/28/2007,
239,FR-R92R-62,14,"HL Road Frame - Red, 62",722.2568,1,1301.3636,R ,HL Road Frame,7/1/2012,12/27/2008,
240,FR-R92R-62,14,"HL Road Frame - Red, 62",868.6342,1,1431.5,R ,HL Road Frame,7/1/2013,,Current
241,FR-R92R-44,14,"HL Road Frame - Red, 44",747.9682,1,1263.4598,R ,HL Road Frame,7/1/2011,12/28/2007,
242,FR-R92R-44,14,"HL Road Frame - Red, 44",722.2568,1,1301.3636,R ,HL Road Frame,7/1/2012,12/27/2008,
243,FR-R92R-44,14,"HL Road Frame - Red, 44",868.6342,1,1431.5,R ,HL Road Frame,7/1/2013,,Current
244,FR-R92R-48,14,"HL Road Frame - Red, 48",747.9682,1,1263.4598,R ,HL Road Frame,7/1/2011,12/28/2007,
245,FR-R92R-48,14,"HL Road Frame - Red, 48",722.2568,1,1301.3636,R ,HL Road Frame,7/1/2012,12/27/2008,
246,FR-R92R-48,14,"HL Road Frame - Red, 48",868.6342,1,1431.5,R ,HL Road Frame,7/1/2013,,Current
247,FR-R92R-52,14,"HL Road Frame - Red, 52",747.9682,1,1263.4598,R ,HL Road Frame,7/1/2011,12/28/2007,
248,FR-R92R-52,14,"HL Road Frame - Red, 52",722.2568,1,1301.3636,R ,HL Road Frame,7/1/2012,12/27/2008,
249,FR-R92R-52,14,"HL Road Frame - Red, 52",868.6342,1,1431.5,R ,HL Road Frame,7/1/2013,,Current
250,FR-R92R-56,14,"HL Road Frame - Red, 56",747.9682,1,1263.4598,R ,HL Road Frame,7/1/2011,12/28/2007,
251,FR-R92R-56,14,"HL Road Frame - Red, 56",722.2568,1,1301.3636,R ,HL Road Frame,7/1/2012,12/27/2008,
252,FR-R92R-56,14,"HL Road Frame - Red, 56",868.6342,1,1431.5,R ,HL Road Frame,7/1/2013,,Current
253,FR-R38B-58,14,"LL Road Frame - Black, 58",176.1997,1,297.6346,R ,LL Road Frame,7/1/2011,12/28/2007,
254,FR-R38B-58,14,"LL Road Frame - Black, 58",170.1428,1,306.5636,R ,LL Road Frame,7/1/2012,12/27/2008,
255,FR-R38B-58,14,"LL Road Frame - Black, 58",204.6251,1,337.22,R ,LL Road Frame,7/1/2013,,Current
256,FR-R38B-60,14,"LL Road Frame - Black, 60",176.1997,1,297.6346,R ,LL Road Frame,7/1/2011,12/28/2007,
257,FR-R38B-60,14,"LL Road Frame - Black, 60",170.1428,1,306.5636,R ,LL Road Frame,7/1/2012,12/27/2008,
258,FR-R38B-60,14,"LL Road Frame - Black, 60",204.6251,1,337.22,R ,LL Road Frame,7/1/2013,,Current
259,FR-R38B-62,14,"LL Road Frame - Black, 62",176.1997,1,297.6346,R ,LL Road Frame,7/1/2011,12/28/2007,
260,FR-R38B-62,14,"LL Road Frame - Black, 62",170.1428,1,306.5636,R ,LL Road Frame,7/1/2012,12/27/2008,
261,FR-R38B-62,14,"LL Road Frame - Black, 62",204.6251,1,337.22,R ,LL Road Frame,7/1/2013,,Current
262,FR-R38R-44,14,"LL Road Frame - Red, 44",181.4857,1,306.5636,R ,LL Road Frame,7/1/2011,12/28/2007,
263,FR-R38R-44,14,"LL Road Frame - Red, 44",187.1571,1,337.22,R ,LL Road Frame,7/1/2012,12/27/2008,
264,FR-R38R-48,14,"LL Road Frame - Red, 48",181.4857,1,306.5636,R ,LL Road Frame,7/1/2011,12/28/2007,
265,FR-R38R-48,14,"LL Road Frame - Red, 48",187.1571,1,337.22,R ,LL Road Frame,7/1/2012,12/27/2008,
266,FR-R38R-52,14,"LL Road Frame - Red, 52",181.4857,1,306.5636,R ,LL Road Frame,7/1/2011,12/28/2007,
267,FR-R38R-52,14,"LL Road Frame - Red, 52",187.1571,1,337.22,R ,LL Road Frame,7/1/2012,12/27/2008,
268,FR-R38R-58,14,"LL Road Frame - Red, 58",181.4857,1,306.5636,R ,LL Road Frame,7/1/2011,12/28/2007,
269,FR-R38R-58,14,"LL Road Frame - Red, 58",187.1571,1,337.22,R ,LL Road Frame,7/1/2012,12/27/2008,
270,FR-R38R-60,14,"LL Road Frame - Red, 60",181.4857,1,306.5636,R ,LL Road Frame,7/1/2011,12/28/2007,
271,FR-R38R-60,14,"LL Road Frame - Red, 60",187.1571,1,337.22,R ,LL Road Frame,7/1/2012,12/27/2008,
272,FR-R38R-62,14,"LL Road Frame - Red, 62",181.4857,1,306.5636,R ,LL Road Frame,7/1/2011,12/28/2007,
273,FR-R38R-62,14,"LL Road Frame - Red, 62",187.1571,1,337.22,R ,LL Road Frame,7/1/2012,12/27/2008,
274,FR-R72R-44,14,"ML Road Frame - Red, 44",352.1394,1,594.83,R ,ML Road Frame,7/1/2011,12/28/2007,
275,FR-R72R-48,14,"ML Road Frame - Red, 48",352.1394,1,594.83,R ,ML Road Frame,7/1/2011,12/28/2007,
276,FR-R72R-52,14,"ML Road Frame - Red, 52",352.1394,1,594.83,R ,ML Road Frame,7/1/2011,12/28/2007,
277,FR-R72R-58,14,"ML Road Frame - Red, 58",352.1394,1,594.83,R ,ML Road Frame,7/1/2011,12/28/2007,
278,FR-R72R-60,14,"ML Road Frame - Red, 60",352.1394,1,594.83,R ,ML Road Frame,7/1/2011,12/28/2007,
279,FR-R38B-44,14,"LL Road Frame - Black, 44",176.1997,1,297.6346,R ,LL Road Frame,7/1/2011,12/28/2007,
280,FR-R38B-44,14,"LL Road Frame - Black, 44",170.1428,1,306.5636,R ,LL Road Frame,7/1/2012,12/27/2008,
281,FR-R38B-44,14,"LL Road Frame - Black, 44",204.6251,1,337.22,R ,LL Road Frame,7/1/2013,,Current
282,FR-R38B-48,14,"LL Road Frame - Black, 48",176.1997,1,297.6346,R ,LL Road Frame,7/1/2011,12/28/2007,
283,FR-R38B-48,14,"LL Road Frame - Black, 48",170.1428,1,306.5636,R ,LL Road Frame,7/1/2012,12/27/2008,
284,FR-R38B-48,14,"LL Road Frame - Black, 48",204.6251,1,337.22,R ,LL Road Frame,7/1/2013,,Current
285,FR-R38B-52,14,"LL Road Frame - Black, 52",176.1997,1,297.6346,R ,LL Road Frame,7/1/2011,12/28/2007,
286,FR-R38B-52,14,"LL Road Frame - Black, 52",170.1428,1,306.5636,R ,LL Road Frame,7/1/2012,12/27/2008,
287,FR-R38B-52,14,"LL Road Frame - Black, 52",204.6251,1,337.22,R ,LL Road Frame,7/1/2013,,Current
288,FR-M94S-42,12,"HL Mountain Frame - Silver, 42",623.8403,1,1204.3248,M ,HL Mountain Frame,7/1/2011,12/28/2007,
289,FR-M94S-42,12,"HL Mountain Frame - Silver, 42",660.9142,1,1240.4545,M ,HL Mountain Frame,7/1/2012,12/27/2008,
290,FR-M94S-42,12,"HL Mountain Frame - Silver, 42",747.2002,1,1364.5,M ,HL Mountain Frame,7/1/2013,,Current
291,FR-M94S-44,12,"HL Mountain Frame - Silver, 44",706.811,1,1364.5,M ,HL Mountain Frame,7/1/2011,12/28/2007,
292,FR-M94S-52,12,"HL Mountain Frame - Silver, 48",706.811,1,1364.5,M ,HL Mountain Frame,7/1/2011,12/28/2007,
293,FR-M94S-46,12,"HL Mountain Frame - Silver, 46",623.8403,1,1204.3248,M ,HL Mountain Frame,7/1/2011,12/28/2007,
294,FR-M94S-46,12,"HL Mountain Frame - Silver, 46",660.9142,1,1240.4545,M ,HL Mountain Frame,7/1/2012,12/27/2008,
295,FR-M94S-46,12,"HL Mountain Frame - Silver, 46",747.2002,1,1364.5,M ,HL Mountain Frame,7/1/2013,,Current
296,FR-M94B-42,12,"HL Mountain Frame - Black, 42",617.0281,1,1191.1739,M ,HL Mountain Frame,7/1/2011,12/28/2007,
297,FR-M94B-42,12,"HL Mountain Frame - Black, 42",653.6971,1,1226.9091,M ,HL Mountain Frame,7/1/2012,12/27/2008,
298,FR-M94B-42,12,"HL Mountain Frame - Black, 42",739.041,1,1349.6,M ,HL Mountain Frame,7/1/2013,,Current
299,FR-M94B-44,12,"HL Mountain Frame - Black, 44",699.0928,1,1349.6,M ,HL Mountain Frame,7/1/2011,12/28/2007,
300,FR-M94B-48,12,"HL Mountain Frame - Black, 48",699.0928,1,1349.6,M ,HL Mountain Frame,7/1/2011,12/28/2007,
301,FR-M94B-46,12,"HL Mountain Frame - Black, 46",617.0281,1,1191.1739,M ,HL Mountain Frame,7/1/2011,12/28/2007,
302,FR-M94B-46,12,"HL Mountain Frame - Black, 46",653.6971,1,1226.9091,M ,HL Mountain Frame,7/1/2012,12/27/2008,
303,FR-M94B-46,12,"HL Mountain Frame - Black, 46",739.041,1,1349.6,M ,HL Mountain Frame,7/1/2013,,Current
304,FR-M94B-38,12,"HL Mountain Frame - Black, 38",617.0281,1,1191.1739,M ,HL Mountain Frame,7/1/2011,12/28/2007,
305,FR-M94B-38,12,"HL Mountain Frame - Black, 38",653.6971,1,1226.9091,M ,HL Mountain Frame,7/1/2012,12/27/2008,
306,FR-M94B-38,12,"HL Mountain Frame - Black, 38",739.041,1,1349.6,M ,HL Mountain Frame,7/1/2013,,Current
307,FR-M94S-38,12,"HL Mountain Frame - Silver, 38",623.8403,1,1204.3248,M ,HL Mountain Frame,7/1/2011,12/28/2007,
308,FR-M94S-38,12,"HL Mountain Frame - Silver, 38",660.9142,1,1240.4545,M ,HL Mountain Frame,7/1/2012,12/27/2008,
309,FR-M94S-38,12,"HL Mountain Frame - Silver, 38",747.2002,1,1364.5,M ,HL Mountain Frame,7/1/2013,,Current
310,BK-R93R-62,2,"Road-150 Red, 62",2171.2942,1,3578.27,R ,Road-150,7/1/2011,12/28/2007,
311,BK-R93R-44,2,"Road-150 Red, 44",2171.2942,1,3578.27,R ,Road-150,7/1/2011,12/28/2007,
312,BK-R93R-48,2,"Road-150 Red, 48",2171.2942,1,3578.27,R ,Road-150,7/1/2011,12/28/2007,
313,BK-R93R-52,2,"Road-150 Red, 52",2171.2942,1,3578.27,R ,Road-150,7/1/2011,12/28/2007,
314,BK-R93R-56,2,"Road-150 Red, 56",2171.2942,1,3578.27,R ,Road-150,7/1/2011,12/28/2007,
315,BK-R68R-58,2,"Road-450 Red, 58",884.7083,1,1457.99,R ,Road-450,7/1/2011,12/28/2007,
316,BK-R68R-60,2,"Road-450 Red, 60",884.7083,1,1457.99,R ,Road-450,7/1/2011,12/28/2007,
317,BK-R68R-44,2,"Road-450 Red, 44",884.7083,1,1457.99,R ,Road-450,7/1/2011,12/28/2007,
318,BK-R68R-48,2,"Road-450 Red, 48",884.7083,1,1457.99,R ,Road-450,7/1/2011,12/28/2007,
319,BK-R68R-52,2,"Road-450 Red, 52",884.7083,1,1457.99,R ,Road-450,7/1/2011,12/28/2007,
320,BK-R50R-58,2,"Road-650 Red, 58",413.1463,1,699.0982,R ,Road-650,7/1/2011,12/28/2007,
321,BK-R50R-58,2,"Road-650 Red, 58",486.7066,1,782.99,R ,Road-650,7/1/2012,12/27/2008,
322,BK-R50R-60,2,"Road-650 Red, 60",413.1463,1,699.0982,R ,Road-650,7/1/2011,12/28/2007,
323,BK-R50R-60,2,"Road-650 Red, 60",486.7066,1,782.99,R ,Road-650,7/1/2012,12/27/2008,
324,BK-R50R-62,2,"Road-650 Red, 62",413.1463,1,699.0982,R ,Road-650,7/1/2011,12/28/2007,
325,BK-R50R-62,2,"Road-650 Red, 62",486.7066,1,782.99,R ,Road-650,7/1/2012,12/27/2008,
326,BK-R50R-44,2,"Road-650 Red, 44",413.1463,1,699.0982,R ,Road-650,7/1/2011,12/28/2007,
327,BK-R50R-44,2,"Road-650 Red, 44",486.7066,1,782.99,R ,Road-650,7/1/2012,12/27/2008,
328,BK-R50R-48,2,"Road-650 Red, 48",413.1463,1,699.0982,R ,Road-650,7/1/2011,12/28/2007,
329,BK-R50R-48,2,"Road-650 Red, 48",486.7066,1,782.99,R ,Road-650,7/1/2012,12/27/2008,
330,BK-R50R-52,2,"Road-650 Red, 52",413.1463,1,699.0982,R ,Road-650,7/1/2011,12/28/2007,
331,BK-R50R-52,2,"Road-650 Red, 52",486.7066,1,782.99,R ,Road-650,7/1/2012,12/27/2008,
332,BK-R50B-58,2,"Road-650 Black, 58",413.1463,1,699.0982,R ,Road-650,7/1/2011,12/28/2007,
333,BK-R50B-58,2,"Road-650 Black, 58",486.7066,1,782.99,R ,Road-650,7/1/2012,12/27/2008,
334,BK-R50B-60,2,"Road-650 Black, 60",413.1463,1,699.0982,R ,Road-650,7/1/2011,12/28/2007,
335,BK-R50B-60,2,"Road-650 Black, 60",486.7066,1,782.99,R ,Road-650,7/1/2012,12/27/2008,
336,BK-R50B-62,2,"Road-650 Black, 62",413.1463,1,699.0982,R ,Road-650,7/1/2011,12/28/2007,
337,BK-R50B-62,2,"Road-650 Black, 62",486.7066,1,782.99,R ,Road-650,7/1/2012,12/27/2008,
338,BK-R50B-44,2,"Road-650 Black, 44",413.1463,1,699.0982,R ,Road-650,7/1/2011,12/28/2007,
339,BK-R50B-44,2,"Road-650 Black, 44",486.7066,1,782.99,R ,Road-650,7/1/2012,12/27/2008,
340,BK-R50B-48,2,"Road-650 Black, 48",413.1463,1,699.0982,R ,Road-650,7/1/2011,12/28/2007,
341,BK-R50B-48,2,"Road-650 Black, 48",486.7066,1,782.99,R ,Road-650,7/1/2012,12/27/2008,
342,BK-R50B-52,2,"Road-650 Black, 52",413.1463,1,699.0982,R ,Road-650,7/1/2011,12/28/2007,
343,BK-R50B-52,2,"Road-650 Black, 52",486.7066,1,782.99,R ,Road-650,7/1/2012,12/27/2008,
344,BK-M82S-38,1,"Mountain-100 Silver, 38",1912.1544,1,3399.99,M ,Mountain-100,7/1/2011,12/28/2007,
345,BK-M82S-42,1,"Mountain-100 Silver, 42",1912.1544,1,3399.99,M ,Mountain-100,7/1/2011,12/28/2007,
346,BK-M82S-44,1,"Mountain-100 Silver, 44",1912.1544,1,3399.99,M ,Mountain-100,7/1/2011,12/28/2007,
347,BK-M82S-48,1,"Mountain-100 Silver, 48",1912.1544,1,3399.99,M ,Mountain-100,7/1/2011,12/28/2007,
348,BK-M82B-38,1,"Mountain-100 Black, 38",1898.0944,1,3374.99,M ,Mountain-100,7/1/2011,12/28/2007,
349,BK-M82B-42,1,"Mountain-100 Black, 42",1898.0944,1,3374.99,M ,Mountain-100,7/1/2011,12/28/2007,
350,BK-M82B-44,1,"Mountain-100 Black, 44",1898.0944,1,3374.99,M ,Mountain-100,7/1/2011,12/28/2007,
351,BK-M82B-48,1,"Mountain-100 Black, 48",1898.0944,1,3374.99,M ,Mountain-100,7/1/2011,12/28/2007,
352,BK-M68S-38,1,"Mountain-200 Silver, 38",1117.8559,1,2071.4196,M ,Mountain-200,7/1/2012,12/27/2008,
353,BK-M68S-38,1,"Mountain-200 Silver, 38",1265.6195,1,2319.99,M ,Mountain-200,7/1/2013,,Current
354,BK-M68S-42,1,"Mountain-200 Silver, 42",1117.8559,1,2071.4196,M ,Mountain-200,7/1/2012,12/27/2008,
355,BK-M68S-42,1,"Mountain-200 Silver, 42",1265.6195,1,2319.99,M ,Mountain-200,7/1/2013,,Current
356,BK-M68S-46,1,"Mountain-200 Silver, 46",1117.8559,1,2071.4196,M ,Mountain-200,7/1/2012,12/27/2008,
357,BK-M68S-46,1,"Mountain-200 Silver, 46",1265.6195,1,2319.99,M ,Mountain-200,7/1/2013,,Current
358,BK-M68B-38,1,"Mountain-200 Black, 38",1105.81,1,2049.0982,M ,Mountain-200,7/1/2012,12/27/2008,
359,BK-M68B-38,1,"Mountain-200 Black, 38",1251.9813,1,2294.99,M ,Mountain-200,7/1/2013,,Current
360,BK-M68B-42,1,"Mountain-200 Black, 42",1105.81,1,2049.0982,M ,Mountain-200,7/1/2012,12/27/2008,
361,BK-M68B-42,1,"Mountain-200 Black, 42",1251.9813,1,2294.99,M ,Mountain-200,7/1/2013,,Current
362,BK-M68B-46,1,"Mountain-200 Black, 46",1105.81,1,2049.0982,M ,Mountain-200,7/1/2012,12/27/2008,
363,BK-M68B-46,1,"Mountain-200 Black, 46",1251.9813,1,2294.99,M ,Mountain-200,7/1/2013,,Current
364,BK-M47B-38,1,"Mountain-300 Black, 38",598.4354,1,1079.99,M ,Mountain-300,7/1/2012,12/27/2008,
365,BK-M47B-40,1,"Mountain-300 Black, 40",598.4354,1,1079.99,M ,Mountain-300,7/1/2012,12/27/2008,
366,BK-M47B-44,1,"Mountain-300 Black, 44",598.4354,1,1079.99,M ,Mountain-300,7/1/2012,12/27/2008,
367,BK-M47B-48,1,"Mountain-300 Black, 48",598.4354,1,1079.99,M ,Mountain-300,7/1/2012,12/27/2008,
368,BK-R89R-44,2,"Road-250 Red, 44",1518.7864,1,2443.35,R ,Road-250,7/1/2012,12/27/2008,
369,BK-R89R-48,2,"Road-250 Red, 48",1518.7864,1,2443.35,R ,Road-250,7/1/2012,12/27/2008,
370,BK-R89R-52,2,"Road-250 Red, 52",1518.7864,1,2443.35,R ,Road-250,7/1/2012,12/27/2008,
371,BK-R89R-58,2,"Road-250 Red, 58",1320.6838,1,2181.5625,R ,Road-250,7/1/2012,12/27/2008,
372,BK-R89R-58,2,"Road-250 Red, 58",1554.9479,1,2443.35,R ,Road-250,7/1/2013,,Current
373,BK-R89B-44,2,"Road-250 Black, 44",1320.6838,1,2181.5625,R ,Road-250,7/1/2012,12/27/2008,
374,BK-R89B-44,2,"Road-250 Black, 44",1554.9479,1,2443.35,R ,Road-250,7/1/2013,,Current
375,BK-R89B-48,2,"Road-250 Black, 48",1320.6838,1,2181.5625,R ,Road-250,7/1/2012,12/27/2008,
376,BK-R89B-48,2,"Road-250 Black, 48",1554.9479,1,2443.35,R ,Road-250,7/1/2013,,Current
377,BK-R89B-52,2,"Road-250 Black, 52",1320.6838,1,2181.5625,R ,Road-250,7/1/2012,12/27/2008,
378,BK-R89B-52,2,"Road-250 Black, 52",1554.9479,1,2443.35,R ,Road-250,7/1/2013,,Current
379,BK-R89B-58,2,"Road-250 Black, 58",1320.6838,1,2181.5625,R ,Road-250,7/1/2012,12/27/2008,
380,BK-R89B-58,2,"Road-250 Black, 58",1554.9479,1,2443.35,R ,Road-250,7/1/2013,,Current
381,BK-R64Y-38,2,"Road-550-W Yellow, 38",605.6492,1,1000.4375,R ,Road-550-W,7/1/2012,12/27/2008,
382,BK-R64Y-38,2,"Road-550-W Yellow, 38",713.0798,1,1120.49,R ,Road-550-W,7/1/2013,,Current
383,BK-R64Y-40,2,"Road-550-W Yellow, 40",605.6492,1,1000.4375,R ,Road-550-W,7/1/2012,12/27/2008,
384,BK-R64Y-40,2,"Road-550-W Yellow, 40",713.0798,1,1120.49,R ,Road-550-W,7/1/2013,,Current
385,BK-R64Y-42,2,"Road-550-W Yellow, 42",605.6492,1,1000.4375,R ,Road-550-W,7/1/2012,12/27/2008,
386,BK-R64Y-42,2,"Road-550-W Yellow, 42",713.0798,1,1120.49,R ,Road-550-W,7/1/2013,,Current
387,BK-R64Y-44,2,"Road-550-W Yellow, 44",605.6492,1,1000.4375,R ,Road-550-W,7/1/2012,12/27/2008,
388,BK-R64Y-44,2,"Road-550-W Yellow, 44",713.0798,1,1120.49,R ,Road-550-W,7/1/2013,,Current
389,BK-R64Y-48,2,"Road-550-W Yellow, 48",605.6492,1,1000.4375,R ,Road-550-W,7/1/2012,12/27/2008,
390,BK-R64Y-48,2,"Road-550-W Yellow, 48",713.0798,1,1120.49,R ,Road-550-W,7/1/2013,,Current
391,FK-1639,10,LL Fork,65.8097,1,148.22,,LL Fork,7/1/2012,12/27/2008,
392,FK-5136,10,ML Fork,77.9176,1,175.49,,ML Fork,7/1/2012,12/27/2008,
393,FK-9939,10,HL Fork,101.8936,1,229.49,,HL Fork,7/1/2012,12/27/2008,
394,HS-0296,11,LL Headset,15.1848,1,34.2,,LL Headset,7/1/2012,12/27/2008,
395,HS-2451,11,ML Headset,45.4168,1,102.29,,ML Headset,7/1/2012,12/27/2008,
396,HS-3479,11,HL Headset,55.3801,1,124.73,,HL Headset,7/1/2012,12/27/2008,
397,HB-M243,4,LL Mountain Handlebars,17.978,1,40.4909,M ,LL Mountain Handlebars,7/1/2012,12/27/2008,
398,HB-M243,4,LL Mountain Handlebars,19.7758,1,44.54,M ,LL Mountain Handlebars,7/1/2013,,Current
399,HB-M763,4,ML Mountain Handlebars,24.9932,1,56.2909,M ,ML Mountain Handlebars,7/1/2012,12/27/2008,
400,HB-M763,4,ML Mountain Handlebars,27.4925,1,61.92,M ,ML Mountain Handlebars,7/1/2013,,Current
401,HB-M918,4,HL Mountain Handlebars,48.5453,1,109.3364,M ,HL Mountain Handlebars,7/1/2012,12/27/2008,
402,HB-M918,4,HL Mountain Handlebars,53.3999,1,120.27,M ,HL Mountain Handlebars,7/1/2013,,Current
403,HB-R504,4,LL Road Handlebars,17.978,1,40.4909,R ,LL Road Handlebars,7/1/2012,12/27/2008,
404,HB-R504,4,LL Road Handlebars,19.7758,1,44.54,R ,LL Road Handlebars,7/1/2013,,Current
405,HB-R720,4,ML Road Handlebars,24.9932,1,56.2909,R ,ML Road Handlebars,7/1/2012,12/27/2008,
406,HB-R720,4,ML Road Handlebars,27.4925,1,61.92,R ,ML Road Handlebars,7/1/2013,,Current
407,HB-R956,4,HL Road Handlebars,48.5453,1,109.3364,R ,HL Road Handlebars,7/1/2012,12/27/2008,
408,HB-R956,4,HL Road Handlebars,53.3999,1,120.27,R ,HL Road Handlebars,7/1/2013,,Current
409,FR-M63B-38,12,"ML Mountain Frame - Black, 38",185.8193,1,348.76,M ,ML Mountain Frame-W,7/1/2012,12/27/2008,
410,FW-M423,17,LL Mountain Front Wheel,26.9708,1,60.745,M ,LL Mountain Front Wheel,7/1/2012,12/27/2008,
411,FW-M762,17,ML Mountain Front Wheel,92.8071,1,209.025,M ,ML Mountain Front Wheel,7/1/2012,12/27/2008,
412,FW-M928,17,HL Mountain Front Wheel,133.2955,1,300.215,M ,HL Mountain Front Wheel,7/1/2012,12/27/2008,
413,FW-R623,17,LL Road Front Wheel,37.9909,1,85.565,R ,LL Road Front Wheel,7/1/2012,12/27/2008,
414,FW-R762,17,ML Road Front Wheel,110.2829,1,248.385,R ,ML Road Front Wheel,7/1/2012,12/27/2008,
415,FW-R820,17,HL Road Front Wheel,146.5466,1,330.06,R ,HL Road Front Wheel,7/1/2012,12/27/2008,
416,FW-T905,17,Touring Front Wheel,96.7964,1,218.01,T ,Touring Front Wheel,7/1/2012,12/27/2008,
417,FR-R72Y-38,14,"ML Road Frame-W - Yellow, 38",300.1188,1,540.7545,R ,ML Road Frame-W,7/1/2012,12/27/2008,
418,FR-R72Y-38,14,"ML Road Frame-W - Yellow, 38",360.9428,1,594.83,R ,ML Road Frame-W,7/1/2013,,Current
419,RW-M423,17,LL Mountain Rear Wheel,38.9588,1,87.745,M ,LL Mountain Rear Wheel,7/1/2012,12/27/2008,
420,RW-M762,17,ML Mountain Rear Wheel,104.7951,1,236.025,M ,ML Mountain Rear Wheel,7/1/2012,12/27/2008,
421,RW-M928,17,HL Mountain Rear Wheel,145.2835,1,327.215,M ,HL Mountain Rear Wheel,7/1/2012,12/27/2008,
422,RW-R623,17,LL Road Rear Wheel,49.9789,1,112.565,R ,LL Road Rear Wheel,7/1/2012,12/27/2008,
423,RW-R762,17,ML Road Rear Wheel,122.2709,1,275.385,R ,ML Road Rear Wheel,7/1/2012,12/27/2008,
424,RW-R820,17,HL Road Rear Wheel,158.5346,1,357.06,R ,HL Road Rear Wheel,7/1/2012,12/27/2008,
425,RW-T905,17,Touring Rear Wheel,108.7844,1,245.01,T ,Touring Rear Wheel,7/1/2012,12/27/2008,
426,FR-M63B-40,12,"ML Mountain Frame - Black, 40",185.8193,1,348.76,M ,ML Mountain Frame,7/1/2012,12/27/2008,
427,FR-M63B-44,12,"ML Mountain Frame - Black, 44",185.8193,1,348.76,M ,ML Mountain Frame,7/1/2012,12/27/2008,
428,FR-M63B-48,12,"ML Mountain Frame - Black, 48",185.8193,1,348.76,M ,ML Mountain Frame,7/1/2012,12/27/2008,
429,FR-R72Y-40,14,"ML Road Frame-W - Yellow, 40",300.1188,1,540.7545,R ,ML Road Frame-W,7/1/2012,12/27/2008,
430,FR-R72Y-40,14,"ML Road Frame-W - Yellow, 40",360.9428,1,594.83,R ,ML Road Frame-W,7/1/2013,,Current
431,FR-R72Y-42,14,"ML Road Frame-W - Yellow, 42",300.1188,1,540.7545,R ,ML Road Frame-W,7/1/2012,12/27/2008,
432,FR-R72Y-42,14,"ML Road Frame-W - Yellow, 42",360.9428,1,594.83,R ,ML Road Frame-W,7/1/2013,,Current
433,FR-R72Y-44,14,"ML Road Frame-W - Yellow, 44",300.1188,1,540.7545,R ,ML Road Frame-W,7/1/2012,12/27/2008,
434,FR-R72Y-44,14,"ML Road Frame-W - Yellow, 44",360.9428,1,594.83,R ,ML Road Frame-W,7/1/2013,,Current
435,FR-R72Y-48,14,"ML Road Frame-W - Yellow, 48",300.1188,1,540.7545,R ,ML Road Frame-W,7/1/2012,12/27/2008,
436,FR-R72Y-48,14,"ML Road Frame-W - Yellow, 48",360.9428,1,594.83,R ,ML Road Frame-W,7/1/2013,,Current
437,FR-R92B-62,14,"HL Road Frame - Black, 62",722.2568,1,1301.3636,R ,HL Road Frame,7/1/2012,12/27/2008,
438,FR-R92B-62,14,"HL Road Frame - Black, 62",868.6342,1,1431.5,R ,HL Road Frame,7/1/2013,,Current
439,FR-R92B-44,14,"HL Road Frame - Black, 44",722.2568,1,1301.3636,R ,HL Road Frame,7/1/2012,12/27/2008,
440,FR-R92B-44,14,"HL Road Frame - Black, 44",868.6342,1,1431.5,R ,HL Road Frame,7/1/2013,,Current
441,FR-R92B-48,14,"HL Road Frame - Black, 48",722.2568,1,1301.3636,R ,HL Road Frame,7/1/2012,12/27/2008,
442,FR-R92B-48,14,"HL Road Frame - Black, 48",868.6342,1,1431.5,R ,HL Road Frame,7/1/2013,,Current
443,FR-R92B-52,14,"HL Road Frame - Black, 52",722.2568,1,1301.3636,R ,HL Road Frame,7/1/2012,12/27/2008,
444,FR-R92B-52,14,"HL Road Frame - Black, 52",868.6342,1,1431.5,R ,HL Road Frame,7/1/2013,,Current
445,SH-M897-S,22,"Men's Sports Shorts, S",24.7459,1,59.99,S ,Men's Sports Shorts,7/1/2012,12/27/2008,
446,PA-T100,35,"Touring-Panniers, Large",51.5625,1,125,T ,Touring-Panniers,7/1/2012,12/27/2008,
447,LO-C100,34,Cable Lock,10.3125,1,25,S ,Cable Lock,7/1/2012,12/27/2008,
448,PU-0452,36,Minipump,8.2459,1,19.99,S ,Minipump,7/1/2012,12/27/2008,
449,PU-M044,36,Mountain Pump,10.3084,1,24.99,M ,Mountain Pump,7/1/2012,12/27/2008,
450,LT-T990,33,Taillights - Battery-Powered,5.7709,1,13.99,R ,Taillight,7/1/2012,12/27/2008,
451,LT-H902,33,Headlights - Dual-Beam,14.4334,1,34.99,R ,Headlights - Dual-Beam,7/1/2012,12/27/2008,
452,LT-H903,33,Headlights - Weatherproof,18.5584,1,44.99,R ,Headlights - Weatherproof,7/1/2012,12/27/2008,
453,SH-M897-M,22,"Men's Sports Shorts, M",24.7459,1,59.99,S ,Men's Sports Shorts,7/1/2012,12/27/2008,
454,SH-M897-L,22,"Men's Sports Shorts, L",24.7459,1,59.99,S ,Men's Sports Shorts,7/1/2012,12/27/2008,
455,SH-M897-X,22,"Men's Sports Shorts, XL",24.7459,1,59.99,S ,Men's Sports Shorts,7/1/2012,12/27/2008,
456,TG-W091-S,24,"Women's Tights, S",30.9334,1,74.99,S ,Women's Tights,7/1/2012,12/27/2008,
457,TG-W091-M,24,"Women's Tights, M",30.9334,1,74.99,S ,Women's Tights,7/1/2012,12/27/2008,
458,TG-W091-L,24,"Women's Tights, L",30.9334,1,74.99,S ,Women's Tights,7/1/2012,12/27/2008,
459,SB-M891-S,18,"Men's Bib-Shorts, S",37.1209,1,89.99,S ,Men's Bib-Shorts,7/1/2012,12/27/2008,
460,SB-M891-M,18,"Men's Bib-Shorts, M",37.1209,1,89.99,S ,Men's Bib-Shorts,7/1/2012,12/27/2008,
461,SB-M891-L,18,"Men's Bib-Shorts, L",37.1209,1,89.99,S ,Men's Bib-Shorts,7/1/2012,12/27/2008,
462,GL-H102-S,20,"Half-Finger Gloves, S",9.7136,1,23.5481,S ,Half-Finger Gloves,7/1/2012,12/27/2008,
463,GL-H102-S,20,"Half-Finger Gloves, S",9.1593,1,24.49,S ,Half-Finger Gloves,7/1/2013,,Current
464,GL-H102-M,20,"Half-Finger Gloves, M",9.7136,1,23.5481,S ,Half-Finger Gloves,7/1/2012,12/27/2008,
465,GL-H102-M,20,"Half-Finger Gloves, M",9.1593,1,24.49,S ,Half-Finger Gloves,7/1/2013,,Current
466,GL-H102-L,20,"Half-Finger Gloves, L",9.7136,1,23.5481,S ,Half-Finger Gloves,7/1/2012,12/27/2008,
467,GL-H102-L,20,"Half-Finger Gloves, L",9.1593,1,24.49,S ,Half-Finger Gloves,7/1/2013,,Current
468,GL-F110-S,20,"Full-Finger Gloves, S",15.6709,1,37.99,M ,Full-Finger Gloves,7/1/2012,12/27/2008,
469,GL-F110-M,20,"Full-Finger Gloves, M",15.6709,1,37.99,M ,Full-Finger Gloves,7/1/2012,12/27/2008,
470,GL-F110-L,20,"Full-Finger Gloves, L",15.6709,1,37.99,M ,Full-Finger Gloves,7/1/2012,12/27/2008,
471,VE-C304-S,25,"Classic Vest, S",23.749,1,63.5,S ,Classic Vest,7/1/2013,,Current
472,VE-C304-M,25,"Classic Vest, M",23.749,1,63.5,S ,Classic Vest,7/1/2013,,Current
473,VE-C304-L,25,"Classic Vest, L",23.749,1,63.5,S ,Classic Vest,7/1/2013,,Current
474,SH-W890-S,22,"Women's Mountain Shorts, S",26.1763,1,69.99,M ,Women's Mountain Shorts,7/1/2013,,Current
475,SH-W890-M,22,"Women's Mountain Shorts, M",26.1763,1,69.99,M ,Women's Mountain Shorts,7/1/2013,,Current
476,SH-W890-L,22,"Women's Mountain Shorts, L",26.1763,1,69.99,M ,Women's Mountain Shorts,7/1/2013,,Current
477,WB-H098,28,Water Bottle - 30 oz.,1.8663,1,4.99,S ,Water Bottle,7/1/2013,,Current
478,BC-M005,28,Mountain Bottle Cage,3.7363,1,9.99,M ,Mountain Bottle Cage,7/1/2013,,Current
479,BC-R205,28,Road Bottle Cage,3.3623,1,8.99,R ,Road Bottle Cage,7/1/2013,,Current
480,PK-7098,37,Patch Kit/8 Patches,0.8565,1,2.29,S ,Patch kit,7/1/2013,,Current
481,SO-R809-M,23,"Racing Socks, M",3.3623,1,8.99,R ,Racing Socks,7/1/2013,,Current
482,SO-R809-L,23,"Racing Socks, L",3.3623,1,8.99,R ,Racing Socks,7/1/2013,,Current
483,RA-H123,26,Hitch Rack - 4-Bike,44.88,1,120,S ,Hitch Rack - 4-Bike,7/1/2013,,Current
484,CL-9009,29,Bike Wash - Dissolver,2.9733,1,7.95,S ,Bike Wash,7/1/2013,,Current
485,FE-6654,30,Fender Set - Mountain,8.2205,1,21.98,M ,Fender Set - Mountain,7/1/2013,,Current
486,ST-1401,27,All-Purpose Bike Stand,59.466,1,159,M ,All-Purpose Bike Stand,7/1/2013,,Current
487,HY-1023-70,32,Hydration Pack - 70 oz.,20.5663,1,54.99,S ,Hydration Pack,7/1/2013,,Current
488,SJ-0194-S,21,"Short-Sleeve Classic Jersey, S",41.5723,1,53.99,S ,Short-Sleeve Classic Jersey,7/1/2013,,Current
489,SJ-0194-M,21,"Short-Sleeve Classic Jersey, M",41.5723,1,53.99,S ,Short-Sleeve Classic Jersey,7/1/2013,,Current
490,SJ-0194-L,21,"Short-Sleeve Classic Jersey, L",41.5723,1,53.99,S ,Short-Sleeve Classic Jersey,7/1/2013,,Current
491,SJ-0194-X,21,"Short-Sleeve Classic Jersey, XL",41.5723,1,53.99,S ,Short-Sleeve Classic Jersey,7/1/2013,,Current
492,FR-T98Y-60,16,"HL Touring Frame - Yellow, 60",601.7437,1,1003.91,T ,HL Touring Frame,7/1/2013,,Current
493,FR-T67Y-62,16,"LL Touring Frame - Yellow, 62",199.8519,1,333.42,T ,LL Touring Frame,7/1/2013,,Current
494,FR-T98Y-46,16,"HL Touring Frame - Yellow, 46",601.7437,1,1003.91,T ,HL Touring Frame,7/1/2013,,Current
495,FR-T98Y-50,16,"HL Touring Frame - Yellow, 50",601.7437,1,1003.91,T ,HL Touring Frame,7/1/2013,,Current
496,FR-T98Y-54,16,"HL Touring Frame - Yellow, 54",601.7437,1,1003.91,T ,HL Touring Frame,7/1/2013,,Current
497,FR-T98U-46,16,"HL Touring Frame - Blue, 46",601.7437,1,1003.91,T ,HL Touring Frame,7/1/2013,,Current
498,FR-T98U-50,16,"HL Touring Frame - Blue, 50",601.7437,1,1003.91,T ,HL Touring Frame,7/1/2013,,Current
499,FR-T98U-54,16,"HL Touring Frame - Blue, 54",601.7437,1,1003.91,T ,HL Touring Frame,7/1/2013,,Current
500,FR-T98U-60,16,"HL Touring Frame - Blue, 60",601.7437,1,1003.91,T ,HL Touring Frame,7/1/2013,,Current
501,RD-2308,9,Rear Derailleur,53.9282,1,121.46,,Rear Derailleur,7/1/2013,,Current
502,FR-T67U-50,16,"LL Touring Frame - Blue, 50",199.8519,1,333.42,T ,LL Touring Frame,7/1/2013,,Current
503,FR-T67U-54,16,"LL Touring Frame - Blue, 54",199.8519,1,333.42,T ,LL Touring Frame,7/1/2013,,Current
504,FR-T67U-58,16,"LL Touring Frame - Blue, 58",199.8519,1,333.42,T ,LL Touring Frame,7/1/2013,,Current
505,FR-T67U-62,16,"LL Touring Frame - Blue, 62",199.8519,1,333.42,T ,LL Touring Frame,7/1/2013,,Current
506,FR-T67Y-44,16,"LL Touring Frame - Yellow, 44",199.8519,1,333.42,T ,LL Touring Frame,7/1/2013,,Current
507,FR-T67Y-50,16,"LL Touring Frame - Yellow, 50",199.8519,1,333.42,T ,LL Touring Frame,7/1/2013,,Current
508,FR-T67Y-54,16,"LL Touring Frame - Yellow, 54",199.8519,1,333.42,T ,LL Touring Frame,7/1/2013,,Current
509,FR-T67Y-58,16,"LL Touring Frame - Yellow, 58",199.8519,1,333.42,T ,LL Touring Frame,7/1/2013,,Current
510,FR-T67U-44,16,"LL Touring Frame - Blue, 44",199.8519,1,333.42,T ,LL Touring Frame,7/1/2013,,Current
511,FR-M63S-40,12,"ML Mountain Frame-W - Silver, 40",199.3757,1,364.09,M ,ML Mountain Frame-W,7/1/2013,,Current
512,FR-M63S-42,12,"ML Mountain Frame-W - Silver, 42",199.3757,1,364.09,M ,ML Mountain Frame-W,7/1/2013,,Current
513,FR-M63S-46,12,"ML Mountain Frame-W - Silver, 46",199.3757,1,364.09,M ,ML Mountain Frame-W,7/1/2013,,Current
514,RB-9231,6,Rear Brakes,47.286,1,106.5,,Rear Brakes,7/1/2013,,Current
515,SE-M236,15,LL Mountain Seat/Saddle,12.0413,1,27.12,M ,LL Mountain Seat/Saddle 2,7/1/2013,,Current
516,SE-M798,15,ML Mountain Seat/Saddle,17.3782,1,39.14,M ,ML Mountain Seat/Saddle 2,7/1/2013,,Current
517,SE-M940,15,HL Mountain Seat/Saddle,23.3722,1,52.64,M ,HL Mountain Seat/Saddle 2,7/1/2013,,Current
518,SE-R581,15,LL Road Seat/Saddle,12.0413,1,27.12,R ,LL Road Seat/Saddle 1,7/1/2013,,Current
519,SE-R908,15,ML Road Seat/Saddle,17.3782,1,39.14,T ,ML Road Seat/Saddle 2,7/1/2013,,Current
520,SE-R995,15,HL Road Seat/Saddle,23.3722,1,52.64,R ,HL Road Seat/Saddle 2,7/1/2013,,Current
521,SE-T312,15,LL Touring Seat/Saddle,12.0413,1,27.12,T ,LL Touring Seat/Saddle,7/1/2013,,Current
522,SE-T762,15,ML Touring Seat/Saddle,17.3782,1,39.14,T ,ML Touring Seat/Saddle,7/1/2013,,Current
523,SE-T924,15,HL Touring Seat/Saddle,23.3722,1,52.64,T ,HL Touring Seat/Saddle,7/1/2013,,Current
524,FR-M21S-42,12,"LL Mountain Frame - Silver, 42",144.5938,1,264.05,M ,LL Mountain Frame,7/1/2013,,Current
525,FR-M21S-44,12,"LL Mountain Frame - Silver, 44",144.5938,1,264.05,M ,LL Mountain Frame,7/1/2013,,Current
526,FR-M21S-48,12,"LL Mountain Frame - Silver, 48",144.5938,1,264.05,M ,LL Mountain Frame,7/1/2013,,Current
527,FR-M21S-52,12,"LL Mountain Frame - Silver, 52",144.5938,1,264.05,M ,LL Mountain Frame,7/1/2013,,Current
528,TT-M928,37,Mountain Tire Tube,1.8663,1,4.99,M ,Mountain Tire Tube,7/1/2013,,Current
529,TT-R982,37,Road Tire Tube,1.4923,1,3.99,R ,Road Tire Tube,7/1/2013,,Current
530,TT-T092,37,Touring Tire Tube,1.8663,1,4.99,T ,Touring Tire Tube,7/1/2013,,Current
531,FR-M21B-42,12,"LL Mountain Frame - Black, 42",136.785,1,249.79,M ,LL Mountain Frame,7/1/2013,,Current
532,FR-M21B-44,12,"LL Mountain Frame - Black, 44",136.785,1,249.79,M ,LL Mountain Frame,7/1/2013,,Current
533,FR-M21B-48,12,"LL Mountain Frame - Black, 48",136.785,1,249.79,M ,LL Mountain Frame,7/1/2013,,Current
534,FR-M21B-52,12,"LL Mountain Frame - Black, 52",136.785,1,249.79,M ,LL Mountain Frame,7/1/2013,,Current
535,TI-M267,37,LL Mountain Tire,9.3463,1,24.99,M ,LL Mountain Tire,7/1/2013,,Current
536,TI-M602,37,ML Mountain Tire,11.2163,1,29.99,M ,ML Mountain Tire,7/1/2013,,Current
537,TI-M823,37,HL Mountain Tire,13.09,1,35,M ,HL Mountain Tire,7/1/2013,,Current
538,TI-R092,37,LL Road Tire,8.0373,1,21.49,R ,LL Road Tire,7/1/2013,,Current
539,TI-R628,37,ML Road Tire,9.3463,1,24.99,R ,ML Road Tire,7/1/2013,,Current
540,TI-R982,37,HL Road Tire,12.1924,1,32.6,R ,HL Road Tire,7/1/2013,,Current
541,TI-T723,37,Touring Tire,10.8423,1,28.99,T ,Touring Tire,7/1/2013,,Current
542,PD-M282,13,LL Mountain Pedal,17.9776,1,40.49,M ,LL Mountain Pedal,7/1/2013,,Current
543,PD-M340,13,ML Mountain Pedal,27.568,1,62.09,M ,ML Mountain Pedal,7/1/2013,,Current
544,PD-M562,13,HL Mountain Pedal,35.9596,1,80.99,M ,HL Mountain Pedal,7/1/2013,,Current
545,PD-R347,13,LL Road Pedal,17.9776,1,40.49,R ,LL Road Pedal,7/1/2013,,Current
546,PD-R563,13,ML Road Pedal,27.568,1,62.09,R ,ML Road Pedal,7/1/2013,,Current
547,PD-R853,13,HL Road Pedal,35.9596,1,80.99,R ,HL Road Pedal,7/1/2013,,Current
548,PD-T852,13,Touring Pedal,35.9596,1,80.99,T ,Touring Pedal,7/1/2013,,Current
549,FR-M63S-38,12,"ML Mountain Frame-W - Silver, 38",199.3757,1,364.09,M ,ML Mountain Frame-W,7/1/2013,,Current
550,FR-M21B-40,12,"LL Mountain Frame - Black, 40",136.785,1,249.79,M ,LL Mountain Frame,7/1/2013,,Current
551,FR-M21S-40,12,"LL Mountain Frame - Silver, 40",144.5938,1,264.05,M ,LL Mountain Frame,7/1/2013,,Current
552,FD-2342,9,Front Derailleur,40.6216,1,91.49,,Front Derailleur,7/1/2013,,Current
553,HB-T721,4,LL Touring Handlebars,20.464,1,46.09,T ,LL Touring Handlebars,7/1/2013,,Current
554,HB-T928,4,HL Touring Handlebars,40.6571,1,91.57,T ,HL Touring Handlebars,7/1/2013,,Current
555,FB-9873,6,Front Brakes,47.286,1,106.5,,Front Brakes,7/1/2013,,Current
556,CS-4759,8,LL Crankset,77.9176,1,175.49,,LL Crankset,7/1/2013,,Current
557,CS-6583,8,ML Crankset,113.8816,1,256.49,,ML Crankset,7/1/2013,,Current
558,CS-9183,8,HL Crankset,179.8156,1,404.99,,HL Crankset,7/1/2013,,Current
559,CH-0234,7,Chain,8.9866,1,20.24,,Chain,7/1/2013,,Current
560,BK-T44U-60,3,"Touring-2000 Blue, 60",755.1508,1,1214.85,T ,Touring-2000,7/1/2013,,Current
561,BK-T79Y-46,3,"Touring-1000 Yellow, 46",1481.9379,1,2384.07,T ,Touring-1000,7/1/2013,,Current
562,BK-T79Y-50,3,"Touring-1000 Yellow, 50",1481.9379,1,2384.07,T ,Touring-1000,7/1/2013,,Current
563,BK-T79Y-54,3,"Touring-1000 Yellow, 54",1481.9379,1,2384.07,T ,Touring-1000,7/1/2013,,Current
564,BK-T79Y-60,3,"Touring-1000 Yellow, 60",1481.9379,1,2384.07,T ,Touring-1000,7/1/2013,,Current
565,BK-T18U-54,3,"Touring-3000 Blue, 54",461.4448,1,742.35,T ,Touring-3000,7/1/2013,,Current
566,BK-T18U-58,3,"Touring-3000 Blue, 58",461.4448,1,742.35,T ,Touring-3000,7/1/2013,,Current
567,BK-T18U-62,3,"Touring-3000 Blue, 62",461.4448,1,742.35,T ,Touring-3000,7/1/2013,,Current
568,BK-T18Y-44,3,"Touring-3000 Yellow, 44",461.4448,1,742.35,T ,Touring-3000,7/1/2013,,Current
569,BK-T18Y-50,3,"Touring-3000 Yellow, 50",461.4448,1,742.35,T ,Touring-3000,7/1/2013,,Current
570,BK-T18Y-54,3,"Touring-3000 Yellow, 54",461.4448,1,742.35,T ,Touring-3000,7/1/2013,,Current
571,BK-T18Y-58,3,"Touring-3000 Yellow, 58",461.4448,1,742.35,T ,Touring-3000,7/1/2013,,Current
572,BK-T18Y-62,3,"Touring-3000 Yellow, 62",461.4448,1,742.35,T ,Touring-3000,7/1/2013,,Current
573,BK-T79U-46,3,"Touring-1000 Blue, 46",1481.9379,1,2384.07,T ,Touring-1000,7/1/2013,,Current
574,BK-T79U-50,3,"Touring-1000 Blue, 50",1481.9379,1,2384.07,T ,Touring-1000,7/1/2013,,Current
575,BK-T79U-54,3,"Touring-1000 Blue, 54",1481.9379,1,2384.07,T ,Touring-1000,7/1/2013,,Current
576,BK-T79U-60,3,"Touring-1000 Blue, 60",1481.9379,1,2384.07,T ,Touring-1000,7/1/2013,,Current
577,BK-T44U-46,3,"Touring-2000 Blue, 46",755.1508,1,1214.85,T ,Touring-2000,7/1/2013,,Current
578,BK-T44U-50,3,"Touring-2000 Blue, 50",755.1508,1,1214.85,T ,Touring-2000,7/1/2013,,Current
579,BK-T44U-54,3,"Touring-2000 Blue, 54",755.1508,1,1214.85,T ,Touring-2000,7/1/2013,,Current
580,BK-R79Y-40,2,"Road-350-W Yellow, 40",1082.51,1,1700.99,R ,Road-350-W,7/1/2013,,Current
581,BK-R79Y-42,2,"Road-350-W Yellow, 42",1082.51,1,1700.99,R ,Road-350-W,7/1/2013,,Current
582,BK-R79Y-44,2,"Road-350-W Yellow, 44",1082.51,1,1700.99,R ,Road-350-W,7/1/2013,,Current
583,BK-R79Y-48,2,"Road-350-W Yellow, 48",1082.51,1,1700.99,R ,Road-350-W,7/1/2013,,Current
584,BK-R19B-58,2,"Road-750 Black, 58",343.6496,1,539.99,R ,Road-750,7/1/2013,,Current
585,BK-T18U-44,3,"Touring-3000 Blue, 44",461.4448,1,742.35,T ,Touring-3000,7/1/2013,,Current
586,BK-T18U-50,3,"Touring-3000 Blue, 50",461.4448,1,742.35,T ,Touring-3000,7/1/2013,,Current
587,BK-M38S-38,1,"Mountain-400-W Silver, 38",419.7784,1,769.49,M ,Mountain-400-W,7/1/2013,,Current
588,BK-M38S-40,1,"Mountain-400-W Silver, 40",419.7784,1,769.49,M ,Mountain-400-W,7/1/2013,,Current
589,BK-M38S-42,1,"Mountain-400-W Silver, 42",419.7784,1,769.49,M ,Mountain-400-W,7/1/2013,,Current
590,BK-M38S-46,1,"Mountain-400-W Silver, 46",419.7784,1,769.49,M ,Mountain-400-W,7/1/2013,,Current
591,BK-M18S-40,1,"Mountain-500 Silver, 40",308.2179,1,564.99,M ,Mountain-500,7/1/2013,,Current
592,BK-M18S-42,1,"Mountain-500 Silver, 42",308.2179,1,564.99,M ,Mountain-500,7/1/2013,,Current
593,BK-M18S-44,1,"Mountain-500 Silver, 44",308.2179,1,564.99,M ,Mountain-500,7/1/2013,,Current
594,BK-M18S-48,1,"Mountain-500 Silver, 48",308.2179,1,564.99,M ,Mountain-500,7/1/2013,,Current
595,BK-M18S-52,1,"Mountain-500 Silver, 52",308.2179,1,564.99,M ,Mountain-500,7/1/2013,,Current
596,BK-M18B-40,1,"Mountain-500 Black, 40",294.5797,1,539.99,M ,Mountain-500,7/1/2013,,Current
597,BK-M18B-42,1,"Mountain-500 Black, 42",294.5797,1,539.99,M ,Mountain-500,7/1/2013,,Current
598,BK-M18B-44,1,"Mountain-500 Black, 44",294.5797,1,539.99,M ,Mountain-500,7/1/2013,,Current
599,BK-M18B-48,1,"Mountain-500 Black, 48",294.5797,1,539.99,M ,Mountain-500,7/1/2013,,Current
600,BK-M18B-52,1,"Mountain-500 Black, 52",294.5797,1,539.99,M ,Mountain-500,7/1/2013,,Current
601,BB-7421,5,LL Bottom Bracket,23.9716,1,53.99,,LL Bottom Bracket,7/1/2013,,Current
602,BB-8107,5,ML Bottom Bracket,44.9506,1,101.24,,ML Bottom Bracket,7/1/2013,,Current
603,BB-9108,5,HL Bottom Bracket,53.9416,1,121.49,,HL Bottom Bracket,7/1/2013,,Current
604,BK-R19B-44,2,"Road-750 Black, 44",343.6496,1,539.99,R ,Road-750,7/1/2013,,Current
605,BK-R19B-48,2,"Road-750 Black, 48",343.6496,1,539.99,R ,Road-750,7/1/2013,,Current
606,BK-R19B-52,2,"Road-750 Black, 52",343.6496,1,539.99,R ,Road-750,7/1/2013,,Current
